start|end|text
0.0|6.6|구청 건축과의 어떤 남자가 찾아와서 번호표를 뽑고 기다리다 자리에 앉는다고 한번 상상해보시죠.
6.9|9.8|담당 공무원이 묻습니다. 어떤 욕무로 오셨나요?
10.2|12.7|네, 보통 집을 짓거나 상가허가 받으러 오죠.
13.0|16.9|그렇죠. 그래서 남자가 건축허가를 좀 받으려고요 하고 대략하죠.
17.6|20.9|공무원이 다시 어떤 건물을 지으실 건데요? 하고 묻는데
21.0|23.5|남자가 아주 진지한 표정으로 이렇게 대략합니다.
24.9|26.9|그 스타크래프트에 나오는 저그해철이요.
28.5|31.3|세상에 저그해철이요? 진짜 황당하네요.
31.8|35.2|네, 평범한 공무원이라면 당장 미친 사람 취급하며 쪼자냈겠죠.
35.9|38.5|평범한 변호사라면 더더욱 상대도 안 했을 거고요.
38.9|43.3|그런데 오늘 우리가 심침탐구해서 파헤쳐볼 이야기의 주인공은 좀 다릅니다.
43.7|46.8|아, 이 황당한 애례를 흔쾌히 수락한 그분 말씀이시군요.
47.0|53.3|맞아요. 수락하는 걸 넘어서 그 대한민국 국토의 계획 및 이용에 관한 법률을 들이밀면서요.
53.3|58.6|그가 내뿜는 점막이 왜 토지 개발 행위 허가 대상인지를 완벽한 논리로 증명해냅니다.
59.0|64.7|오늘 이 시간, 우리는 여러분을 세상에서 가장 기상천외하고 압도적인 지식 전달 채널,
65.1|67.1|꽉 변호사의 세계로 안내하려고 합니다.
67.3|71.3|정말 이제 전례를 찾아보기 힘든 아주 독특한 채널이죠.
71.9|77.5|오늘 우리는 나무위키 기록부터 실제 유튜브 영상 그리고 커뮤니티의 반응까지 싹 다 모아서
77.5|80.1|이 채널을 훑어 넘어가면서 소개해 드릴 텐데요.
80.5|82.9|네, 계후부터 디테일까지 싹 다 파헤쳐보는 거죠.
82.9|88.6|맞습니다. 이게 단순히 뭐 웃긴 변호사가 있다, 이런 가십시오 이야기가 아니거든요.
89.5|95.3|어떻게 대중이 가장 기피하고 지루해하는 법학이라는 차가운 학문이
95.3|99.0|인터넷 세상에 가장 통제 불가능한 밈들과 결합했는가.
99.4|103.1|그래서 어떻게 이틀옥 폭발적인 지식 전달 매체로 진화했는지
103.1|106.6|그 근본적인 메커니즘을 해보해 보는 것이 오늘 우리의 미션입니다.
106.6|109.5|일단 이 채널을 한 번도 못 보신 여러분을 위해서
109.6|112.8|그 화면 구성부터 좀 짚고 넘어가야겠네요.
113.4|118.2|법률 유튜브라고 하면 보통 뒤에 두꺼운 법전이 쫙 꽂혀있고
118.2|122.4|양복 입은 변호사가 되게 근엄하게 앉아있는 걸 상상하시잖아요.
122.9|127.6|네, 뭐 약간 뿔테 안경 쓰고 진지한 목소리로 판례 읽어주는 그런 이미지죠.
127.9|128.8|여긴 전혀 아닙니다.
129.6|133.6|화면 한가운데 그냥 거위가 한 마리 앉아있습니다.
133.6|135.7|자기는 거위라고 막 빡빡 우기는데
135.8|139.7|시청자들은 맨날 오리라고 놀리는 그런 하찮은 캐릭터죠.
139.9|141.7|아, 그 오리, 아니 거위요.
141.9|143.2|진짜 귀엽게 생겼잖아요.
143.8|144.6|그러니까요.
144.6|149.6|그리고 횃대 위에는 영국 신사처럼 타팻을 쓴 조그마한 참새가 앉아있어요.
149.8|152.3|이 참새가 의뢰인으로서 질문을 던지는데
152.7|155.1|와, 질문 수위가 진짜 아찔합니다.
155.5|158.2|그쵸, 뭐 남성이 여성 전용 주착한을 써도 되나요?
158.4|160.4|이런 실생활 밀착형 질문도 있는데
160.4|163.1|이건 오히려 되게 평범한 축에 속하더라고요.
163.1|165.0|맞아요, 갈수록 가관입니다.
165.5|167.6|그 좀비를 죽이면 살인죄입니까?
167.9|171.1|라던가 탕수육 소스를 남의 고기 위에 부어버리면
171.6|173.6|재물손괴죄인가요? 이런 거 물어봐요.
173.7|176.1|아, 탕수육 소스는 진짜 중대범죄 아닌가요?
176.6|178.7|부먹파와 찍먹파의 전쟁이잖아요.
178.9|182.3|제 말이요, 심지어 마왕을 봉인하면 감금죄인가요?
182.4|185.2|같은 완전히 파멸적인 질문들이 쏟아집니다.
185.8|188.3|근데 제가 여기서 정말 혼란스러운 건
188.3|190.3|이 거위의 답견 태도거든요.
190.8|192.1|태도요? 어떤 면에서요?
192.1|196.6|이게 마치 대법원 법정에 앉아있어야 할 최고 엘리트 법관을
196.6|198.6|온갖 쓸데없는 농담이나 던지는
198.6|203.1|해외 커뮤니티 레딧의 밈 토론방 한가운데 데려다 놓은 것 같단 말이죠?
203.6|206.7|대체 왜 이런 극단적으로 우스꽝스러운 질문들에
206.7|208.9|그렇게까지 진지하게 대답을 하는 걸까요?
209.1|213.5|아, 그게 바로 꽉 변호사 채널이 가진 그 파괴력의 핵심입니다.
214.3|217.9|질문은 농담일지 몰라도 답변을 구성하는 뼈대는
217.9|222.6|100% 실제 대한민국의 법률 조항과 기존 판례들이거든요.
222.7|226.0|아까 오프닝에서 제가 말했던 그 스타크래프트 해처리 질문이
226.0|227.4|딱 좋은 예시겠네요?
227.6|228.0|네, 맞아요.
228.6|232.1|참새가 해처리를 지으려면 건축허가를 받아야 하냐고 묻잖아요.
232.9|234.8|여기서 법이 어떻게 적용되냐면요.
235.1|239.3|꽉 변호사는 우선 건축법부터 아주 진지하게 검토합니다.
239.6|243.8|게임 속 외계 생명체 건물을 한국구청에 등록해야 하냐는 건데
244.1|244.9|건축법이요?
244.9|249.8|네, 건축법상 건축물은 토지에 정착하는 공작물 중
249.8|252.9|지붕과 기둥 또는 벽이 있는 것을 말하거든요.
253.7|259.5|그런데 해처리는 저그라는 종족의 생명체, 즉 거대한 동물에 가깝다고 분석하는 거죠.
259.8|263.9|아, 그러니까 건물은 아니니까 건축법소관은 통과네요?
264.6|266.3|일단 건축허가는 안 받아도 된다.
266.7|272.7|그렇죠. 그런데 진짜 문제는 해처리가 주변으로 뿜어내는 그 보라색 점막, 즉 크립입니다.
273.3|278.6|이 점막이 땅을 덮어나가는 현상을 꽉 변호사는 국토계획법상
278.6|280.6|토지의 포장행위로 해속해버립니다.
281.0|283.8|와, 점막을 아스팔트 포장하는 거랑 똑같이 본다고요?
283.9|290.8|네, 아스팔트나 콘크리트로 땅을 덮어버리는 것과 법적으로 완전히 동일한 물리적 변화라고 본 것이죠.
291.6|295.1|토지를 포장하는 것은 고토지의 형질 변경에 해당하니까
295.1|300.6|결국 구청에 가서 개발행위호가를 받아야 한다는 완벽한 3단 논법에 도달합니다.
300.6|305.1|와, 그 해처리를 지으려는 일꾼 유닛 드론을 데리고 구청에 가야 한다는 거잖아요?
305.8|308.9|진짜 미쳤다. 듣고 보니 엄청난 비유네요.
309.6|314.9|마치 법이라는 걸 성스러운 텍스트로 대하는 게 아니라 일종의 물리엔진으로 취급하는 것 같아요.
315.2|317.9|물리엔진이요? 어, 그거 되게 정확한 표현인데요?
318.5|323.7|그 BDOP 교갈차들이 물리엔진이 제대로 작동하는지 테스트하려고
323.7|327.9|막 허공에서 사과도 떨어뜨려 보고 자동차도 막 던져보잖아요.
328.3|330.4|아, 버그가 나나 안 나나 확인하려고요?
330.4|335.4|맞아요. 꽉 변호사는 대한민국 법률이라는 물리엔진을 딱 켜놓고
336.0|341.4|그 안에 좀비나 저그 해처리 같은 극단저린 버그 덩어리들을 막 던져놓는 겁니다.
342.3|347.8|그래서 이 엔진이 어떻게 반응하고 어디서 에러가 나는지 낄낄거리며 구경하는 거죠.
348.1|353.6|완벽한 통찰입니다. 그리고 바로 그 지점에서 엄청난 교육적 효과가 발생하거든요.
354.3|357.9|저는 이것을 일종의 인지적 트로이 목마라고 부르고 싶어요.
358.2|359.8|트로이 목마요? 바이러스 심는 거요?
359.8|366.4|좋은 의미의 바이러스죠. 사실 대중에게, 여러분에게 법학은 지루하고 어렵잖아요.
367.0|372.8|그런데 꽉 변호사는 대중이 이미 완벽하게 이해하고 사랑하는 게임의 룰이나
372.8|377.0|인터넷 밈이라는 아주 매력적인 나무 목마를 만듭니다.
377.4|382.8|아, 겉보기엔 그냥 웃기는 밈이니까 사람들이 아무 의심 없이 쳐다보게 만드는 거군요.
383.0|386.5|그렇죠. 시청자들은 그저 웃기는 농담인 줄 알고
386.5|390.5|방어기제를 완전히 해제한 채 목마를 성환으로 들이죠.
391.0|397.3|그런데 그 목마 뱃속에는 리걸마인드, 즉 사실관계를 법적 요건에 포섭시키는
397.3|399.8|고도의 법적 사고방식이 숨어 있는 겁니다.
400.0|404.4|그러니까 사람들은 낄낄대며 영상을 보다가 자신도 모르는 사이에
404.4|409.1|법학의 3단 논법을 머릿속에 설치하게 되는 거네요. 진짜 대박이다.
409.2|413.0|네. 단순한 개그맨이 아니라 엄청난 전략가인 거죠.
413.0|418.5|그렇다면 도대체 이 거위 뒤에 숨어 있는 실제 인물 김효겸 변호사는
418.5|423.6|대체 어떤 뇌구조와 과과를 가졌길래 이런 기발한 하이브리드 전략을 쓸 수 있는 걸까요?
424.4|426.0|이력도 좀 살펴봐야 할 것 같은데요.
426.8|431.6|1992년생인 그의 이력을 쭉 훑어넘어가면서 추적해보면요.
431.7|436.0|왜 그가 법률을 물리엔진처럼 다룰 수 있는지 단번에 이해가 됩니다.
437.0|441.6|그는 전형적인 엘리트 문과 법조인 루트와는 완전히 다른 길을 걸어왔거든요.
441.6|443.6|아, 문과 출신이 아니에요?
444.1|449.0|네. 한성과학고등학교를 졸업하고 연세대학교 기계공학과를 거쳐서
449.0|453.0|무려 삼성전자 반도체 연구소에서 공정 엔지니어로 일했습니다.
453.8|455.6|뼛속까지 공학도였던 거죠.
455.9|461.0|아니, 잠깐만요. 과학고에 연세대 공대, 그리고 삼성전자 연구원이면
461.0|464.7|이거 대한민국 이과생들이 꿈꾸는 궁극의 엘리트 코스 아닙니까?
464.9|466.4|그렇죠. 정말 탄탄대로죠.
466.7|470.6|그런데 왜 그 좋은 직장을 박차고 나온 거죠? 돈도 많이 줬을 텐데요.
470.6|474.8|본인이 라이브 방송에서 밝혔던 퇴사 이유가 꽤나 실존적입니다.
475.5|478.7|신입사원으로 입사해서 선배들을 가만히 지켜보니
478.7|481.8|자신의 미래가 너무나 투명하게 보이더라는 거예요.
482.0|484.8|투명하게 보인다는 게 막 임원이 될 것 같고 그런 건가요?
485.0|486.5|아니요. 오히려 반대죠.
486.8|489.7|2년 뒤면 대리가 되고 5년 뒤면 과장이 되고
489.7|492.9|40대 후반에 부장 타이틀을 달고 퇴직해서
492.9|498.5|결국 치킨집을 차릴 것 같은 그 완벽하게 확정된 톱니바퀴 같은 미래가
498.5|502.0|어느 순간 너무 숨이 막혀서 돌연 퇴사를 결심했다고 합니다.
502.1|504.8|와 공감은 가지만 진짜 무모한 결정이었네요.
505.3|506.8|그럼 퇴사하고 나서는 어떻게 됐나요?
507.4|508.7|바로 변호사가 된 건 아닐 거 아니에요?
509.1|513.0|전혀요. 회사를 나온 뒤에 자신의 기술적 백그라운드를 살려서
513.0|516.8|별리사 시험에 도전했는데 영거프 두 번이나 낙방합니다.
516.9|518.4|아이고 실패를 겪었군요.
518.5|522.7|네. 이 방황의 시기에 그는 생계를 위해 혹은 도피처로
522.7|526.6|웹소설 플랫폼에서 연재계약까지 맺고 작가로 활동하기도 했습니다.
526.6|531.3|웹소설이요? 공대생이 갑자기 글을 썼다고요? 진짜 스펙타클하네요.
531.4|537.8|그러다가 30세라는 법조계에서는 다소 늦은 나이에 서강대학교 로스쿨에 입학했고
538.2|540.9|33세에 마침내 변호사가 되죠.
541.8|545.5|현재는 유명 OTT 플랫폼인 왓차의 사내변호사로 일하면서
545.5|550.3|개인 변호사 활동과 이 거위 유튜브 채널을 동시에 운영하고 있습니다.
550.7|553.8|아니 이 이력표를 가만히 들여다보면요.
553.8|557.5|겉보기엔 그냥 20대 내내 끈기없이 갈피를 못 잡고
557.5|559.9|이리저리 방황한 사람처럼 보이지 않습니까?
560.5|565.6|삼성을 관두고 시험에 떨어지고 갑자기 웹소설을 쓰다가 뒤늦게 로스쿨에 갔다.
565.9|568.3|평범한 기준으로는 그렇게 보일 수도 있죠.
568.6|573.4|이게 도대체 어떻게 지금의 천재적인 지식 전달자를 만든 원동력이 되었다는 거죠?
573.9|575.2|전 연결이 잘 안 되는데요.
575.6|577.3|그게 바로 연결의 마법입니다.
578.0|578.8|하나씩 뜯어볼게요.
579.6|583.3|첫째, 그가 했던 반도체 공정 엔지니어라는 직업은
583.3|586.9|눈에 보이지 않는 미시적인 물리적, 화학적 변화를
587.2|590.1|논리적인 단계로 쪼개고 분석하는 일입니다.
590.4|595.1|아, 그래서 그 분석력이 아까 말한 법학의 포섭 단계로 이어진 거군요?
595.6|596.0|정확합니다.
596.8|599.9|인간의 복잡한 행동을 법률 요건이라는 틀에
599.9|602.9|아주 정밀하게 끼워 맞추는 능력으로 그대로 치원된 겁니다.
603.7|606.5|그리고 둘째로 웹소설 작가 경험을 무시할 수 없어요.
606.8|608.7|웹소설 쓴 게 법이랑 무슨 상관 있죠?
609.1|612.8|전통적인 법조인들은 글을 쓸 때 판사라는 단 한 명의
612.8|615.2|절대 도망가지 않는 독자를 위해 글을 씁니다.
615.8|617.1|아주 건조하고 딱딱하죠.
617.8|619.0|하지만 웹소설은 다릅니다.
619.9|623.6|독자들은 스크롤을 내리다 3초 만에 지루하면 뒤로 가기를 눌러불리거든요.
623.8|627.1|아, 그러니까 10대, 20대 독자들의 멱살을 잡고
627.1|631.2|다음 화로 끌고 가는 훅과 텐션을 만드는 법을 몸으로 배운 거네요?
631.6|632.0|맞아요.
632.6|636.2|이 경험들이 합쳐지니까 대법원 판례를 설명하는데도
636.2|640.8|마치 웹소설처럼 다음 내용이 미치도록 궁금해지는 기현성이 벌어지는 거죠.
640.8|645.2|와, 흩어져 있던 점들이 진짜 하나의 선으로 완벽하게 연결되네요.
646.0|649.1|실패와 오해의 경험이 오히려 법학이라는 뼈대 위에
649.4|654.4|서브컬처와 대중성이라는 살을 붙이는 완벽한 빌드업이 된 거군요.
654.5|657.9|그렇죠. 인생에 낭비되는 경험은 없다는 걸 잘 보여주죠.
658.3|662.3|그런데 이분이 현재 왓챠라는 기업의 사내변호사이면서
662.3|666.3|동시에 엔터테인먼트 특화 개인 변호사로도 활동한다고 하셨잖아요.
667.2|671.1|기업 법무를 다루는 사람이 어쩌다 인터넷 방송인들이나
671.1|673.7|버튜버들의 법률 문제를 도맡게 된 건가요?
673.8|675.7|그건 아주 단순한 이유입니다.
676.1|680.2|그가 열렬한 서브컬처 소비자, 즉 찐 오타쿠이기 때문입니다.
680.6|682.8|아, 본인이 덕후라서 그렇군요.
683.0|687.5|네, 꽉 변호사의 주력 분야가 바로 지식재산권과 저작권법인데요.
688.2|693.0|본인이 사랑하는 서브컬처 문화를 법적으로 보호하겠다는 의지가 굉장히 강합니다.
693.7|697.8|수많은 버튜버들과 파트너십을 맺고 악플러를 고소하거나
697.8|700.4|저작권을 방어하는 일을 아주 즐기죠.
700.6|703.6|저작권하니까 생각나는 재미있는 에피소드가 하나 있네요.
704.2|709.3|누군가 틱톡에 꽉 변호사의 영상들을 몽땅 도용해서 사칭 계정을 만든 사건 말입니다.
709.5|712.5|아, 그 틱톡 사칭 사건이요? 진짜 레전드였죠?
712.7|715.6|보통 유튜버들은 이런 일을 당하면 엄청 분노하면서
715.7|719.2|여러분, 제 사칭 계정을 신고해 주세요. 이렇게 호소하잖아요.
720.0|722.1|그런데 꽉 변호사의 반응은 완전히 달랐습니다.
722.1|723.8|거의 축제 분위기였어요.
724.2|728.5|맞아요. 드디어 내 저작물로 직접 저작권 소송을 해볼 기회가 왔다면서
728.5|730.5|엄청 쾌제를 불렀죠.
731.0|736.4|저작권법 위반에 변호사법 위반까지 온갖 법적 혐의를 영혼까지 끌어모아서 소장을 쓰고
736.9|741.5|이걸로 틱톡 본사랑 멋지게 싸운 다음에 나중에 책도 쓰고 강연도 다녀야겠다고
741.5|743.5|아주 원대한 마스터플랜을 세우더라고요.
744.0|745.9|진짜 변호사라서 할 수 있는 발상이죠.
746.3|748.4|그런데 저는 여기에서 좀 의아했습니다.
749.1|752.4|대기업 사내변호사 하면 눈꽃뜰 새 없이 바쁠 텐데
752.5|758.1|굳이 틱톡에 있는 어쩌면 어린 학생일지도 모르는 트롤 유저 하나 잡겠다고
758.1|760.9|그렇게 에너지를 쏟을 필요가 있나요?
761.0|765.1|그게 바로 그가 법을 대하는 일종의 광기열인 순수함입니다.
765.8|768.7|그는 법을 단순히 밥벌이 도구로만 보는 게 아니라
768.7|773.5|법적 논리가 현실에서 어떻게 치열하게 부딪히고 증명되는지
773.5|775.7|그 과정 자체를 사랑하는 겁니다.
775.7|781.7|아, 자기 권리가 침해당한 완벽한 실전 교보제가 생겼으니까 참을 수가 없었던 거군요.
781.8|784.1|그렇죠. 그런데 결말이 어떻게 됐죠?
784.3|785.5|결말이 너무 허무했어요.
786.2|788.7|꽉 변호사가 내용 증명을 딱 보내자마자
788.7|792.7|틱톡 측에서 납작 엎드려서 즉각 계정을 삭제하고 차단해버렸거든요.
793.4|797.3|거대 플랫폼이 한국의 일개 유튜버에게 꼬리를 내린 건데
797.3|802.5|꽉 변호사는 법정 싸움은커녕 말싸움 한번 못해보고 끝나버렸다며
802.5|803.6|몹시 아쉬워했습니다.
804.2|805.9|일명 노잼 엔딩이었죠.
806.0|808.1|네, 아주 유쾌한 해프닝이었습니다.
808.6|811.7|하지만 이 유쾌함 뒤에는 그가 채널을 운영하며
811.7|816.2|절대 타협하지 않는 아주 무겁고 철저한 원칙이 하나 숨어 있어요.
816.5|817.2|무거운 원칙이요?
817.7|819.6|아까 그 광기랑은 안 어울리는데요?
820.7|824.1|바로 진행 중인 타인의 실제 사건이나 논란에는
824.2|827.2|절대 의견을 얹지 않는다는 원칙입니다.
827.6|830.0|아, 솔직히 저는 그게 제일 이해가 안 가요.
830.4|832.0|지금 유튜브 생태계를 한번 보세요.
832.0|834.6|이른바 사이버레카들이 어떻게 돈을 벌어요?
835.3|838.6|유명 연예인의 이혼 소송, 유튜버들 간의 폭로전
838.6|842.9|아니면 끔찍한 강력봉제가 터졌을 때 그걸 가장 먼저 물어와서
842.9|845.4|자극적으로 포장하면 조회수가 몇 병만씩 터지잖아요.
845.9|848.4|그렇죠. 자극적일수록 돈이 되니까요.
848.4|851.0|꽉 변호사는 심지어 현직 변호사잖아요.
851.6|854.4|이 사건, 법적으로 제가 딱 정리해드립니다.
854.7|856.4|이렇게 썸네일 하나만 달아도
856.4|859.2|그 달콤한 조회수와 수익을 쓸어 담을 수 있을 텐데
859.7|862.3|왜 그 황금알을 낳는 거위를 포기하는 걸까요?
862.8|864.2|본인도 거위면서 말이죠.
864.3|865.6|뼈 있는 비유네요.
865.8|868.0|그가 그 유혹을 참아내는 이유는
868.0|871.8|그가 사실과 진실의 차이를 뼈저리게 아는 법조인이기 때문입니다.
872.9|875.5|인터넷에 떠도는 정보는 파편화된 사실일 뿐
875.5|877.4|절대 진실이 아니거든요.
877.6|880.0|맞아요. 인터넷에는 뇌피셜이 너무 많죠.
880.4|882.8|재판이 끝나기 전까지는 당사자가 아니면
882.8|885.4|알 수 없는 내밀한 사정들이 무수히 얽혀 있잖아요.
886.2|888.3|만약 꽉 변호사가 조회수를 위해
888.3|891.5|누군가의 비극이나 억울함을 섣불리 컨텐츠로 소비한다면
891.5|895.0|그것은 무죄추정의 원칙을 짓밟는 행위입니다.
895.1|898.9|아, 그러면 교육자로서의 신뢰를 스스로 무너뜨리게 되는 거네요.
899.3|899.5|맞습니다.
900.2|903.6|그는 스스로 조회수라는 자본주의적 이익을 포기함으로써
903.6|907.5|역설적으로 채널의 대체 불가능한 권위를 지켜내고 있는 겁니다.
908.2|910.8|아, 그래서 꽉 변호사 채널의 댓글창을 보면
910.8|914.3|다른 법률 채널들과 분위기가 완전히 달랐군요.
914.3|917.9|보통 법률 이슈를 다루면 정치적 성향에 따라 패가 갈려서
917.9|921.4|서로 무너뜯고 싸우너라 댓글창이 전쟁터가 되잖아요.
921.6|923.9|네, 정치 이슈 엮이면 진짜 피곤해지죠.
924.4|927.0|그런데 여기는 애초에 편향될 여지 자체를 안 주니까
927.1|930.8|시청자들이 정말 순수하게 법정 논리만 가지고 토론을 하더라고요.
931.4|934.6|뭐 선 넘는 악플을 달았다간 진짜 오프라인 법정에서
934.6|938.3|거위 변호사님과의 살벌한 팬미팅을 하게 될 거라는 공포심도
938.3|939.9|꽤 크게 작용했겠지만요.
940.4|942.7|그거 진짜 무서운 강력한 억지력이죠.
943.3|945.5|법조인이라는 무거운 직업 윤리와
945.5|948.3|가상의 밈을 다루는 유튜버로서의 선 긋기가
948.3|951.0|기가 막힌 밸런스를 맞추고 있는 겁니다.
951.4|953.3|법조인으로만 상상하실 겁니다.
953.9|956.5|그런데 이 사람이 치지직 같은 플랫폼에서
956.5|959.2|실시간 라이브 방송을 켤 때 보여주는 모습을 보면
959.2|963.3|진짜 지금까지 쌓아온 엘리티 이미지가 산산조각 납니다.
963.6|964.3|하하하, 맞아요.
964.7|967.9|진짜 감당 안 되는 지독한 하드코어 오타쿠거든요.
968.3|970.9|개인적인 취향이 정말 마이너에 끝을 달리더라고요.
971.5|974.1|게임 취향을 보면 산소미포함이나
974.1|976.3|팩토리오 같은 게임에 완전 환장해요.
976.9|978.4|이 게임들이 어떤 게임이냐?
979.4|982.0|극한의 환경에서 고도의 연산을 하면서
982.0|984.7|파이프를 연결하고 공장을 돌려야 하는
984.7|987.5|진짜 쳐다보기만 해도 스트레스가 쌓이는
987.5|988.9|생산관리 게임입니다.
989.2|990.9|아니, 일 끝나고 쉬어야 되는데
990.9|992.6|게임에서도 공장을 돌린다고요?
993.2|994.2|그러니까요.
994.3|996.8|게다가 서사적인 취향은 더 충격적입니다.
998.0|999.7|밝고 희망찬 해피엔딩보다
999.7|1002.3|주인공이 끝없는 절망 속에 구르고
1002.5|1006.3|멘탈이 터져나가는 딥하고 하드코어한 배드엔딩
1006.5|1011.0|일명 피폐물을 가장 사랑한다고 공공연하게 외치고 다닙니다.
1011.0|1013.0|취향 참 독특하네요.
1013.4|1015.3|근데 저는 라이브에서 요리 방송하는 거 보고
1015.3|1016.4|진짜 경악했습니다.
1017.2|1018.4|화면을 딱 켰는데
1018.4|1021.7|엘리티 변호사가 자기 머리에 집착만한 거위 인형을 뒤집어 쓰고
1021.7|1024.1|목에는 빨간 줄무늬 넥타이를 메고 있어요.
1024.6|1026.3|비주얼부터 압도적이죠.
1026.3|1029.7|그리고 자칭 법조계 요리 천자라면서 음식을 만드는데
1029.8|1032.5|메뉴가 두바이 초콜릿 마파두부입니다.
1033.0|1035.6|고등어를 튀겨서 고등어 탕수육을 만들기도 하고요.
1035.7|1038.8|아, 그 두바이 초콜릿 마파두부는 진짜 선 넘었죠.
1039.2|1042.3|시청자들이 채팅창으로 저건 음식이 아니라 괴식이다.
1042.9|1045.9|법적으로 요리 금지 차분을 내려야 한다면서 경악을 하잖아요.
1046.8|1050.5|게다가 결정적으로 시청자들의 분노를 유발하는 포인트가 하나 더 있습니다.
1051.2|1052.6|엄청난 사랑꾼이라는 거예요.
1053.0|1053.4|맞습니다.
1053.9|1057.0|라이브 방송의 관리자 닉네임이 처참새인데
1057.0|1060.0|이분이 바로 꽉 변호사의 아내분이시죠.
1060.6|1064.2|현직 대학 교수라고 알려져 있는데 꽉 변호사가 방송 중에
1064.2|1068.4|틈만 나면 신혼여행 이야기를 꺼내고 아내 자랑을 늘어놓습니다.
1069.6|1072.1|아니, 솔직히 너무 불공평하지 않습니까?
1072.4|1075.6|완벽한 엘리트 스펙에 변호사 타이틀을 가졌으면서
1075.6|1079.5|민트 초코를 극혐하고 파인애플이 올라간 하와이안 피자를
1079.5|1081.4|막 목숨 걸고 변호해요.
1081.4|1085.6|집에서는 괴식을 만들면서 거위 모자를 쓰고 춤을 추고요.
1085.7|1087.7|정말 종잡을 수 없는 캐릭터죠.
1088.0|1091.4|게다가 틈만 나면 아내를 향해 꿀떨어지는 눈빛을 보내서
1091.5|1095.4|시청자들이 기분상해죄로 고소하겠다고 으름장을 놓게 만들잖아요.
1096.2|1098.9|이건 캐릭터 밸런스가 완전히 붕괴된 거 아닙니까?
1099.3|1102.4|바로 거기에 지식 전달의 새로운 패러다임이 숨어 있습니다.
1103.1|1105.1|우리는 흔히 지식을 전달할 때
1105.1|1109.0|전문가는 무결점의 완벽한 모습을 유지해야 한다고 믿잖아요.
1109.0|1111.5|보통 그렇죠. 권위가 있어야 하니까요.
1112.1|1114.8|하지만 대중은 너무 완벽하고 권위적인 사람이
1114.8|1116.8|위에서 아래로 가르치려 들면
1116.8|1119.8|본능적으로 피로감을 느끼고 방어벽을 칩니다.
1120.6|1121.8|하지만 꽉 변호사를 보세요.
1122.4|1126.8|그는 자신의 지식적 권위는 법률과 판례로 아주 단단하게 유지하되
1126.9|1130.7|인간적인 권위는 바닥으로 기꺼이 내동댕이 칩니다.
1131.5|1134.7|하와이안 피자 때문에 시청자들과 핏대를 세우며 싸우고
1134.7|1137.8|요리를 망쳐서 허둥대는 모습을 가감없이 보여주는 그런 거예요?
1137.8|1142.0|네, 바로 거기서 사회학에서 말하는 파라소셜 인터렉션.
1142.5|1145.5|즉, 강력한 유사사회적 유대감이 형성됩니다.
1146.2|1149.5|시청자들은 아, 저 형은 나처럼 게임에 미쳐 있고
1149.5|1151.8|요리도 못하는 엉뚱한 덕후인데
1151.8|1154.9|본업인 법률이하기만 나오면 천재가 되네
1154.9|1158.2|라고 느끼면서 심미적 안정감을 얻게 되는 거죠.
1158.6|1161.9|아, 자신의 흠결을 보여줌으로써 격을 허무는 거군요.
1162.2|1164.5|이것이 현대사회에서 수용자들의 방어기재를
1164.5|1168.0|가장 완벽하게 무장해제시키는 소통의 비결인 셈입니다.
1168.3|1168.9|놀랍네요.
1169.7|1173.4|결국 그의 모든 기행과 괴식, 오타쿠적인 성향마저도
1173.4|1177.2|대중과 맞닿기 위한 가장 인간적인 인터페이스였군요.
1177.4|1180.8|네, 알고 보면 아주 철저한 전략이자 본성이죠.
1181.2|1184.7|자, 이제 오늘 우리가 파헤친 이야기들을 쭉 엮어볼 시간입니다.
1185.7|1188.1|공대생에서 삼성전자 반도체 엔지니어로
1188.1|1190.8|시험의 낙방에 방황하던 웹소설 작가에서
1190.8|1192.9|다시 로스쿨을 거쳐 변호사로
1193.4|1197.8|그리고 끝내 유튜브 생태계를 뒤흔드는 거위로 진화한 김효겸 변호사.
1198.0|1200.3|정말 한 편의 소설 같은 인생 궤적이네요.
1200.8|1204.8|그는 대한민국에서 가장 진입장벽이 높고 딱딱한 지식을
1204.8|1207.2|가장 우스꽝스럽고 친근한 그릇에 담아
1207.2|1211.5|대중의 입에 깃거리 떠먹여주고 있는 천재적인 커뮤니케이터입니다.
1211.7|1212.2|맞습니다.
1212.8|1216.1|그의 행보는 단순히 유튜버로서의 성공을 넘어서
1216.4|1221.6|단방향적인 권위와 낡은 형식에만 갇혀있던 기존의 전문직들에게
1221.6|1226.1|아주 신선한 충격이자 훌륭한 생존 레퍼런스가 되고 있어요.
1226.4|1229.8|지금 이 방송을 듣고 계신 여러분의 삶은 어떻습니까?
1230.1|1232.9|만약 여러분이 가진 전문 지식이나 업무 노하우가
1232.9|1235.7|남들에게 너무 어렵고 딱딱하게만 전달되고 있다면
1235.7|1239.9|혹은 누군가와의 소통의 벽에 부딪혀 답답함을 느끼고 계신다면요?
1240.0|1242.6|네, 한 번쯤 변화를 줘보는 것도 좋겠죠.
1243.0|1245.6|오늘 우리가 만난 꽉 변호사처럼 그 지식 위에
1245.6|1249.6|타팻을 쓴 참새나 엉뚱한 거위 모자를 한번 씌워보는 건 어떨까요?
1250.5|1254.0|본질을 잃지 않으면서도 전달의 껍질을 유연하게 깨부수는 것.
1254.3|1257.0|그것이 복잡한 현대를 살아가는 우리가 갖춰야 할
1257.0|1259.3|진정한 전문성의 또 다른 모습일지도 모릅니다.
1259.6|1261.0|아주 훌륭한 제안이네요.
1261.4|1264.6|마지막으로 꽉 변호사가 과거 방송에서 남겼던
1264.6|1267.6|아주 뼈 있는 농담 하나를 여러분께 던지며
1267.6|1269.4|오늘 탐구를 마칠까 합니다.
1270.2|1271.3|그는 이렇게 말한 적이 있습니다.
1272.2|1276.2|만약 인공지능, AI가 너무 완벽하게 발전해서
1276.2|1279.3|변호사라는 직업 자체를 전부 대체해버린다면
1279.7|1283.5|글쎄요, 그럼 저는 그냥 인터넷 방송 스트리머를 하거나
1283.5|1285.1|막노동을 하면서 살아야죠.
1285.4|1288.1|정말 그다운 유쾌한 답변이면서도
1288.1|1290.7|동시에 서늘한 통찰을 담고 있네요.
1291.1|1291.4|그렇습니다.
1292.3|1295.0|지식의 분석과 논리적인 전달마저
1295.0|1299.0|AI가 인간보다 수백 배는 완벽하고 빠르게 해내는 시대가
1299.0|1300.1|코앞으로 다가오고 있습니다.
1301.2|1303.8|그렇다면 그 차가운 기계의 시대에
1303.8|1308.1|끝까지 살아남는 인간 전문가의 유일한 무기는 과연 무엇일까요?
1308.3|1310.4|기계가 할 수 없는 무언가여야겠죠.
1311.0|1314.1|어쩌면 그것은 AI처럼 완벽해지는 것이 아니라
1314.1|1318.2|오히려 과학 변호사처럼 두바이 초콜릿, 마파두부 같은
1318.2|1321.0|괴식을 만들고 머리에 거위 모자를 쓰고
1321.0|1323.7|사람들과 농담을 주고받으며 웃을 줄 아는
1323.7|1327.1|그 대체 불가능한 기행과 흥결 있는
1327.1|1329.1|인간적인 매력뿐인 것은 아닐까요?
1329.6|1332.5|완벽함보다는 인간미가 해답일 수 있겠네요.
1332.5|1335.4|여러분, 기계는 결코 흉내낼 수 없는
1335.6|1338.4|당신만의 거위 모자는 과연 무엇입니까?
1338.9|1341.5|오늘의 이야기가 여러분의 그 모자를 찾는 데
1341.5|1343.2|작은 영감이 되었길 바라며
1343.2|1345.5|저희는 다음 심층탐구에서 다시 뵙겠습니다.
